{
  "Component.js": 1605187826087,
  "controller/ErrorHandler.js": 1605187826087,
  "model/models.js": 1605187826091,
  "model/formatter.js": 1605187826091,
  "controller/NotFound.controller.js": 1605187826087,
  "controller/Master.controller.js": 1605187826087,
  "controller/ListSelector.js": 1605187826087,
  "manifest.json": 1605188190738,
  "controller/DetailObjectNotFound.js": 1605187826087,
  "controller/DetailObjectNotFound.controller.js": 1605187826087,
  "controller/Detail.controller.js": 1605187826087,
  "controller/BaseController.js": 1605187826087,
  "controller/App.controller.js": 1605187826087,
  "i18n/i18n.properties": 1605187826087,
  "manifest-bundle.zip": 1605188190380,
  "Component-preload.js": 1605188190666,
  "controller/Detail-dbg.controller.js": 1605187826087,
  "model/formatter-dbg.js": 1605187826091,
  "controller/NotFound-dbg.controller.js": 1605187826087,
  "controller/Master-dbg.controller.js": 1605187826087,
  "controller/ListSelector-dbg.js": 1605187826087,
  "controller/ErrorHandler-dbg.js": 1605187826087,
  "controller/DetailObjectNotFound-dbg.js": 1605187826087,
  "controller/DetailObjectNotFound-dbg.controller.js": 1605187826087,
  "model/models-dbg.js": 1605187826091,
  "controller/BaseController-dbg.js": 1605187826087,
  "controller/App-dbg.controller.js": 1605187826087,
  "Component-dbg.js": 1605187826087,
  "resources.json": 1605188190741,
  "view/ViewSettingsDialog.fragment.xml": 1605187826099,
  "view/NotFound.view.xml": 1605187826099,
  "view/Master.view.xml": 1605187826099,
  "view/DetailObjectNotFound.view.xml": 1605187826095,
  "view/Detail.view.xml": 1605187826095,
  "view/App.view.xml": 1605187826095,
  "test.html": 1605187826091,
  "index.html": 1605187826087
}